Text,URL
Hasanabdal,http://www.amis.pk/ViewPrices.aspx?searchType=1&commodityId=99
Jhelum,http://www.amis.pk/ViewPrices.aspx?searchType=1&commodityId=60
ArifWala,http://www.amis.pk/ViewPrices.aspx?searchType=1&commodityId=24
Hazro,http://www.amis.pk/ViewPrices.aspx?searchType=1&commodityId=126
Pinanwal,http://www.amis.pk/ViewPrices.aspx?searchType=1&commodityId=128
PakPattan,http://www.amis.pk/ViewPrices.aspx?searchType=1&commodityId=26
BahawalNagar,http://www.amis.pk/ViewPrices.aspx?searchType=1&commodityId=27
Chunian,http://www.amis.pk/ViewPrices.aspx?searchType=1&commodityId=37
Khanpur,http://www.amis.pk/ViewPrices.aspx?searchType=1&commodityId=67
Chistian,http://www.amis.pk/ViewPrices.aspx?searchType=1&commodityId=30
Kanganpur,http://www.amis.pk/ViewPrices.aspx?searchType=1&commodityId=116
LiaqatPur,http://www.amis.pk/ViewPrices.aspx?searchType=1&commodityId=71
Fortabas,http://www.amis.pk/ViewPrices.aspx?searchType=1&commodityId=85
Kasur,http://www.amis.pk/ViewPrices.aspx?searchType=1&commodityId=11
RahimYarKhan,http://www.amis.pk/ViewPrices.aspx?searchType=1&commodityId=8
HaroonAbad,http://www.amis.pk/ViewPrices.aspx?searchType=1&commodityId=29
,http://www.amis.pk/ViewPrices.aspx?searchType=1&commodityId=138
Khudian,http://www.amis.pk/ViewPrices.aspx?searchType=1&commodityId=117
SadiqAbad,http://www.amis.pk/ViewPrices.aspx?searchType=1&commodityId=66
Minchanabad,http://www.amis.pk/ViewPrices.aspx?searchType=1&commodityId=139
Kotradhakishan,http://www.amis.pk/ViewPrices.aspx?searchType=1&commodityId=115
Patoki,http://www.amis.pk/ViewPrices.aspx?searchType=1&commodityId=23
PhoolNagar,http://www.amis.pk/ViewPrices.aspx?searchType=1&commodityId=38
JamPur,http://www.amis.pk/ViewPrices.aspx?searchType=1&commodityId=56
AhmadPurEast,http://www.amis.pk/ViewPrices.aspx?searchType=1&commodityId=52
RajanPur,http://www.amis.pk/ViewPrices.aspx?searchType=1&commodityId=63
BahawalPur,http://www.amis.pk/ViewPrices.aspx?searchType=1&commodityId=20
HasalPur,http://www.amis.pk/ViewPrices.aspx?searchType=1&commodityId=53
Abdulhakim,http://www.amis.pk/ViewPrices.aspx?searchType=1&commodityId=95
Yazman,http://www.amis.pk/ViewPrices.aspx?searchType=1&commodityId=76
Jahanian,http://www.amis.pk/ViewPrices.aspx?searchType=1&commodityId=49
GujarKhan,http://www.amis.pk/ViewPrices.aspx?searchType=1&commodityId=31
Khairpurtamewali,http://www.amis.pk/ViewPrices.aspx?searchType=1&commodityId=138
KabirWala,http://www.amis.pk/ViewPrices.aspx?searchType=1&commodityId=22
Rawalpindi,http://www.amis.pk/ViewPrices.aspx?searchType=1&commodityId=6
KachaKhu,http://www.amis.pk/ViewPrices.aspx?searchType=1&commodityId=51
Khanewal,http://www.amis.pk/ViewPrices.aspx?searchType=1&commodityId=18
Bhakhar,http://www.amis.pk/ViewPrices.aspx?searchType=1&commodityId=9
MianChannu,http://www.amis.pk/ViewPrices.aspx?searchType=1&commodityId=50
Chichawatni,http://www.amis.pk/ViewPrices.aspx?searchType=1&commodityId=34
Kalurkot,http://www.amis.pk/ViewPrices.aspx?searchType=1&commodityId=84
Kassowal,http://www.amis.pk/ViewPrices.aspx?searchType=1&commodityId=137
Sahiwal,http://www.amis.pk/ViewPrices.aspx?searchType=1&commodityId=13
Jauharabad,http://www.amis.pk/ViewPrices.aspx?searchType=1&commodityId=131
Chakwal,http://www.amis.pk/ViewPrices.aspx?searchType=1&commodityId=59
Mithatiwana,http://www.amis.pk/ViewPrices.aspx?searchType=1&commodityId=132
ChuaSaidanShah,http://www.amis.pk/ViewPrices.aspx?searchType=1&commodityId=89
Quaidabad,http://www.amis.pk/ViewPrices.aspx?searchType=1&commodityId=133
Bhalwal,http://www.amis.pk/ViewPrices.aspx?searchType=1&commodityId=10
TalaGang,http://www.amis.pk/ViewPrices.aspx?searchType=1&commodityId=87
Kotmoman,http://www.amis.pk/ViewPrices.aspx?searchType=1&commodityId=142
Phularwan,http://www.amis.pk/ViewPrices.aspx?searchType=1&commodityId=129
Kotlakhpat,http://www.amis.pk/ViewPrices.aspx?searchType=1&commodityId=111
Sargodha,http://www.amis.pk/ViewPrices.aspx?searchType=1&commodityId=5
DGKhan,http://www.amis.pk/ViewPrices.aspx?searchType=1&commodityId=36
Lahore,http://www.amis.pk/ViewPrices.aspx?searchType=1&commodityId=1
Sillanwali,http://www.amis.pk/ViewPrices.aspx?searchType=1&commodityId=94
KotChutta,http://www.amis.pk/ViewPrices.aspx?searchType=1&commodityId=54
Lahore(Singhpura),http://www.amis.pk/ViewPrices.aspx?searchType=1&commodityId=110
Taunsasharif,http://www.amis.pk/ViewPrices.aspx?searchType=1&commodityId=140
MultanRoadLahore,http://www.amis.pk/ViewPrices.aspx?searchType=1&commodityId=109
Raiwind,http://www.amis.pk/ViewPrices.aspx?searchType=1&commodityId=98
Farooqabad,http://www.amis.pk/ViewPrices.aspx?searchType=1&commodityId=90
Mananwala,http://www.amis.pk/ViewPrices.aspx?searchType=1&commodityId=114
ChackJhumra,http://www.amis.pk/ViewPrices.aspx?searchType=1&commodityId=72
Muridke,http://www.amis.pk/ViewPrices.aspx?searchType=1&commodityId=83
Faisalabad,http://www.amis.pk/ViewPrices.aspx?searchType=1&commodityId=2
Fatehpur,http://www.amis.pk/ViewPrices.aspx?searchType=1&commodityId=77
Narangmandi,http://www.amis.pk/ViewPrices.aspx?searchType=1&commodityId=108
Jaranwala,http://www.amis.pk/ViewPrices.aspx?searchType=1&commodityId=25
Layyah,http://www.amis.pk/ViewPrices.aspx?searchType=1&commodityId=16
Safdarabad,http://www.amis.pk/ViewPrices.aspx?searchType=1&commodityId=113
Summandri,http://www.amis.pk/ViewPrices.aspx?searchType=1&commodityId=73
Sheikhupura,http://www.amis.pk/ViewPrices.aspx?searchType=1&commodityId=78
Mamunkanjan,http://www.amis.pk/ViewPrices.aspx?searchType=1&commodityId=75
Tandlianwala,http://www.amis.pk/ViewPrices.aspx?searchType=1&commodityId=74
Mianwali,http://www.amis.pk/ViewPrices.aspx?searchType=1&commodityId=62
Piplan,http://www.amis.pk/ViewPrices.aspx?searchType=1&commodityId=134
Daska,http://www.amis.pk/ViewPrices.aspx?searchType=1&commodityId=43
Pasroor,http://www.amis.pk/ViewPrices.aspx?searchType=1&commodityId=96
AliPurChatta,http://www.amis.pk/ViewPrices.aspx?searchType=1&commodityId=88
Sambrial,http://www.amis.pk/ViewPrices.aspx?searchType=1&commodityId=123
Eminabad,http://www.amis.pk/ViewPrices.aspx?searchType=1&commodityId=91
Multan,http://www.amis.pk/ViewPrices.aspx?searchType=1&commodityId=7
Sialkot,http://www.amis.pk/ViewPrices.aspx?searchType=1&commodityId=57
Ghakhar,http://www.amis.pk/ViewPrices.aspx?searchType=1&commodityId=118
Jalalpurpirwala,http://www.amis.pk/ViewPrices.aspx?searchType=1&commodityId=48
Gujranwala,http://www.amis.pk/ViewPrices.aspx?searchType=1&commodityId=3
ShujaAbad,http://www.amis.pk/ViewPrices.aspx?searchType=1&commodityId=47
Noshehrawirkan,http://www.amis.pk/ViewPrices.aspx?searchType=1&commodityId=120
Qadirpurrawan,http://www.amis.pk/ViewPrices.aspx?searchType=1&commodityId=136
Gojra,http://www.amis.pk/ViewPrices.aspx?searchType=1&commodityId=44
Qiladedarsingh,http://www.amis.pk/ViewPrices.aspx?searchType=1&commodityId=119
Kamalia,http://www.amis.pk/ViewPrices.aspx?searchType=1&commodityId=45
Kamoke,http://www.amis.pk/ViewPrices.aspx?searchType=1&commodityId=80
PirMahal,http://www.amis.pk/ViewPrices.aspx?searchType=1&commodityId=46
Wazirabad,http://www.amis.pk/ViewPrices.aspx?searchType=1&commodityId=105
DunyaPur,http://www.amis.pk/ViewPrices.aspx?searchType=1&commodityId=35
TTSingh,http://www.amis.pk/ViewPrices.aspx?searchType=1&commodityId=21
Kahrorpacca,http://www.amis.pk/ViewPrices.aspx?searchType=1&commodityId=33
Lodhran,http://www.amis.pk/ViewPrices.aspx?searchType=1&commodityId=28
Dinga,http://www.amis.pk/ViewPrices.aspx?searchType=1&commodityId=122
Burewala,http://www.amis.pk/ViewPrices.aspx?searchType=1&commodityId=15
Gujrat,http://www.amis.pk/ViewPrices.aspx?searchType=1&commodityId=17
Mailsi,http://www.amis.pk/ViewPrices.aspx?searchType=1&commodityId=32
JalalPurJattan,http://www.amis.pk/ViewPrices.aspx?searchType=1&commodityId=42
Alipur,http://www.amis.pk/ViewPrices.aspx?searchType=1&commodityId=141
Vehari,http://www.amis.pk/ViewPrices.aspx?searchType=1&commodityId=14
LalaMusa,http://www.amis.pk/ViewPrices.aspx?searchType=1&commodityId=39
KotAdu,http://www.amis.pk/ViewPrices.aspx?searchType=1&commodityId=68
Sraialamgir,http://www.amis.pk/ViewPrices.aspx?searchType=1&commodityId=127
MuzafarGhar,http://www.amis.pk/ViewPrices.aspx?searchType=1&commodityId=19
ShahrSultan,http://www.amis.pk/ViewPrices.aspx?searchType=1&commodityId=55
Nankana,http://www.amis.pk/ViewPrices.aspx?searchType=1&commodityId=70
Warberten,http://www.amis.pk/ViewPrices.aspx?searchType=1&commodityId=100
Jhang,http://www.amis.pk/ViewPrices.aspx?searchType=1&commodityId=64
Sanglahill,http://www.amis.pk/ViewPrices.aspx?searchType=1&commodityId=97
Shahjewana,http://www.amis.pk/ViewPrices.aspx?searchType=1&commodityId=135
Badomalhi,http://www.amis.pk/ViewPrices.aspx?searchType=1&commodityId=124
Shorkot,http://www.amis.pk/ViewPrices.aspx?searchType=1&commodityId=82
Narowal,http://www.amis.pk/ViewPrices.aspx?searchType=1&commodityId=58
Shakargarh,http://www.amis.pk/ViewPrices.aspx?searchType=1&commodityId=125
MandiBahaudin,http://www.amis.pk/ViewPrices.aspx?searchType=1&commodityId=41
Malakwal,http://www.amis.pk/ViewPrices.aspx?searchType=1&commodityId=121
Sukheke,http://www.amis.pk/ViewPrices.aspx?searchType=1&commodityId=107
Hafizabad,http://www.amis.pk/ViewPrices.aspx?searchType=1&commodityId=104
Basirpur,http://www.amis.pk/ViewPrices.aspx?searchType=1&commodityId=103
Pindibhattian,http://www.amis.pk/ViewPrices.aspx?searchType=1&commodityId=106
Depalpur,http://www.amis.pk/ViewPrices.aspx?searchType=1&commodityId=79
Chiniot,http://www.amis.pk/ViewPrices.aspx?searchType=1&commodityId=81
Havelilakha,http://www.amis.pk/ViewPrices.aspx?searchType=1&commodityId=102
Lalian,http://www.amis.pk/ViewPrices.aspx?searchType=1&commodityId=101
HujraShahmuqeem,http://www.amis.pk/ViewPrices.aspx?searchType=1&commodityId=92
Okara,http://www.amis.pk/ViewPrices.aspx?searchType=1&commodityId=4
RenalaKhurd,http://www.amis.pk/ViewPrices.aspx?searchType=1&commodityId=69
